transaction_id,transaction_real_price
1145756,0
1198704,0
1222384,0
1179897,0
1223091,0
1202911,0
1151450,0
1197195,0
1146078,0
1191026,0
1107596,0
1190777,0
1162835,0
1233184,0
1197165,0
1214389,0
1205334,0
1145482,0
1197041,0
1156778,0
1096897,0
1179572,0
1190839,0
1134295,0
1131476,0
1218843,0
1157005,0
1200107,0
1219092,0
1219608,0
1101453,0
1175515,0
1145920,0
1132427,0
1182840,0
1148101,0
1234156,0
1152273,0
1115622,0
1215527,0
1170344,0
1151954,0
1170816,0
1221847,0
1182922,0
1173389,0
1141391,0
1141218,0
1097094,0
1170563,0
1115494,0
1137432,0
1101197,0
1210532,0
1208634,0
1229597,0
1190774,0
1179724,0
1145891,0
1130404,0
1214360,0
1223152,0
1101403,0
1145994,0
1179885,0
1110882,0
1228656,0
1101274,0
1176634,0
1173299,0
1146115,0
1140588,0
1097127,0
1093681,0
1205370,0
1170528,0
1096488,0
1103819,0
1213603,0
1190716,0
1146181,0
1094021,0
1101270,0
1120990,0
1219064,0
1190516,0
1228690,0
1180708,0
1103944,0
1094600,0
1115643,0
1133835,0
1202914,0
1170552,0
1183002,0
1094574,0
1230024,0
1133126,0
1175499,0
1152130,0
1190996,0
1103259,0
1224281,0
1170512,0
1169274,0
1150724,0
1210376,0
1218981,0
1229563,0
1158701,0
1218869,0
1225938,0
1167183,0
1197214,0
1196615,0
1115391,0
1106568,0
1107479,0
1170360,0
1093422,0
1150558,0
1131182,0
1218683,0
1162438,0
1207224,0
1152085,0
1218978,0
1158668,0
1110549,0
1166826,0
1141193,0
1228816,0
1184863,0
1093312,0
1204547,0
1131588,0
1115383,0
1182781,0
1103919,0
1131487,0
1225842,0
1107601,0
1191030,0
1156621,0
1107534,0
1198681,0
1175481,0
1162762,0
1197295,0
1096738,0
1151260,0
1214364,0
1214533,0
1190763,0
1180791,0
1190905,0
1231684,0
1179147,0
1205319,0
1205236,0
1182742,0
1162861,0
1228387,0
1197273,0
1182358,0
1151822,0
1142315,0
1230704,0
1210286,0
1107796,0
1209640,0
1107547,0
1152055,0
1198919,0
1115669,0
1234841,0
1228859,0
1182940,0
1179598,0
1218995,0
1157076,0
1228022,0
1200165,0
1218907,0
1169781,0
1207923,0
1149023,0
1146298,0
1157156,0
1121548,0
1233216,0
1218957,0
1218443,0
1225838,0
1182616,0
1131802,0
1157903,0
1190442,0
1198082,0
1131387,0
1234525,0
1203711,0
1190922,0
1191009,0
1151240,0
1226860,0
1179806,0
1199957,0
1197257,0
1190871,0
1230677,0
1157128,0
1093400,0
1190712,0
1182521,0
1196976,0
1147304,0
1230451,0
1153931,0
1154645,0
1200220,0
1146478,0
1107385,0
1115693,0
1199755,0
1234762,0
1129378,0
1170575,0
1175579,0
1155125,0
1190449,0
1173371,0
1141791,0
1206596,0
1107673,0
1097089,0
1145906,0
1131202,0
1148954,0
1163137,0
1104897,0
1146110,0
1158687,0
1196974,0
1223113,0
1108722,0
1120796,0
1101230,0
1234847,0
1101988,0
1210837,0
1228259,0
1101161,0
1198899,0
1108452,0
1190234,0
1155760,0
1146156,0
1170423,0
1115626,0
1117164,0
1162916,0
1219970,0
1144814,0
1205245,0
1182642,0
1179748,0
1162939,0
1174727,0
1103765,0
1196685,0
1192682,0
1133329,0
1141347,0
1149872,0
1182557,0
1157175,0
1214350,0
1151530,0
1151190,0
1167051,0
1133706,0
1234919,0
1131616,0
1193757,0
1131284,0
1182632,0
1115399,0
1169088,0
1137154,0
1179563,0
1156634,0
1156480,0
1228239,0
1146105,0
1101467,0
1194510,0
1170201,0
1197062,0
1131899,0
1162983,0
1093231,0
1117276,0
1222511,0
1205238,0
1190344,0
1157099,0
1093453,0
1150770,0
1228787,0
1134430,0
1146140,0
1097116,0
1096717,0
1233318,0
1227756,0
1112148,0
1198006,0
1224353,0
1137449,0
1136446,0
1151958,0
1195906,0
1212503,0
1197197,0
1147081,0
1228733,0
1230422,0
1223945,0
1115400,0
1158030,0
1094656,0
1166774,0
1133820,0
1155908,0
1205365,0
1103833,0
1152265,0
1117506,0
1234873,0
1225399,0
1096967,0
1182969,0
1232838,0
1094645,0
1190690,0
1115748,0
1210653,0
1198901,0
1142372,0
1196914,0
1197738,0
1110524,0
1181795,0
1181802,0
1190761,0
1212490,0
1180631,0
1110865,0
1218967,0
1170142,0
1175391,0
1234341,0
1210783,0
1107570,0
1155668,0
1121511,0
1163076,0
1228794,0
1157193,0
1134305,0
1190077,0
1162841,0
1120505,0
1115652,0
1115387,0
1101549,0
1110558,0
1152167,0
1190880,0
1212511,0
1101375,0
1175734,0
1225258,0
1131320,0
1151835,0
1198301,0
1182858,0
1117471,0
1192920,0
1197223,0
1101378,0
1222959,0
1225900,0
1175483,0
1094554,0
1151964,0
1133352,0
1110922,0
1227038,0
1117434,0
1175599,0
1207842,0
1197175,0
1177169,0
1183018,0
1141324,0
1129277,0
1198853,0
1107557,0
1182022,0
1140295,0
1175517,0
1218916,0
1137392,0
1209259,0
1195228,0
1204265,0
1234896,0
1220719,0
1194743,0
1222982,0
1162906,0
1167136,0
1137491,0
1170353,0
1134401,0
1096844,0
1210013,0
1224571,0
1228804,0
1198593,0
1182850,0
1157016,0
1204607,0
1230466,0
1097096,0
1143291,0
1103809,0
1191055,0
1142555,0
1233198,0
1200134,0
1190919,0
1101450,0
1210804,0
1233080,0
1115753,0
1121658,0
1163611,0
1229734,0
1149844,0
1137387,0
1215920,0
1210765,0
1158463,0
1101420,0
1147121,0
1096300,0
1094572,0
1225458,0
1214093,0
1154273,0
1131551,0
1162855,0
1182438,0
1141098,0
1197178,0
1096959,0
1146303,0
1093301,0
1137156,0
1163006,0
1176539,0
1152149,0
1157009,0
1101639,0
1226886,0
1228898,0
1210123,0
1162831,0
1146267,0
1152233,0
1131396,0
1131442,0
1151896,0
1222951,0
1222704,0
1182422,0
1233251,0
1131445,0
1147813,0
1230037,0
1121702,0
1141364,0
1101423,0
1215786,0
1198337,0
1131493,0
1126139,0
1198019,0
1200193,0
1146141,0
1110786,0
1190688,0
1222898,0
1163101,0
1174440,0
1117439,0
1204705,0
1163062,0
1097049,0
1115551,0
1133325,0
1103669,0
1151935,0
1190741,0
1204414,0
1163046,0
1200208,0
1183008,0
1109314,0
1198841,0
1187665,0
1208120,0
1214443,0
1146239,0
1115304,0
1198878,0
1101520,0
1175628,0
1151839,0
1141197,0
1152093,0
1166274,0
1228851,0
1175373,0
1131659,0
1134313,0
1126905,0
1225470,0
1214476,0
1197227,0
1140479,0
1170407,0
1234167,0
1172050,0
1107686,0
1207862,0
1233189,0
1214508,0
1170909,0
1182382,0
1176622,0
1182797,0
1182947,0
1175430,0
1152278,0
1232888,0
1218096,0
1163110,0
1121612,0
1182993,0
1175843,0
1210732,0
1170537,0
1151898,0
1175731,0
1141286,0
1103859,0
1198746,0
1097056,0
1101294,0
1190977,0
1093029,0
1229728,0
1173557,0
1157051,0
1197181,0
1097074,0
1131500,0
1198848,0
1212146,0
1224668,0
1195143,0
1110836,0
1210803,0
1121679,0
1197146,0
1146332,0
1159386,0
1115648,0
1166924,0
1160487,0
1152148,0
1219057,0
1132761,0
1132119,0
1107625,0
1101534,0
1189698,0
1121655,0
1158407,0
1121262,0
1155638,0
1152155,0
1233269,0
1094618,0
1216931,0
1107755,0
1224620,0
1200206,0
1191045,0
1172811,0
1163094,0
1196591,0
1208088,0
1200052,0
1152182,0
1232739,0
1156910,0
1218523,0
1146178,0
1107589,0
1097048,0
1175225,0
1123518,0
1141458,0
1190419,0
1214511,0
1101425,0
1227387,0
1218883,0
1157003,0
1205397,0
1175423,0
1214518,0
1103810,0
1152086,0
1180029,0
1182443,0
1115628,0
1208185,0
1222923,0
1207623,0
1208021,0
1152110,0
1182689,0
1198186,0
1233220,0
1099466,0
1152126,0
1198355,0
1121630,0
1115444,0
1131446,0
1134772,0
1169286,0
1097046,0
1093153,0
1163103,0
1223033,0
1162966,0
1234737,0
1230730,0
1131234,0
1192329,0
1115731,0
1141301,0
1201929,0
1162951,0
1208205,0
1173508,0
1156984,0
1228856,0
1190461,0
1117125,0
1218982,0
1218875,0
1162284,0
1175574,0
1205229,0
1158000,0
1115698,0
1184062,0
1197149,0
1146479,0
1148080,0
1229555,0
1142620,0
1129751,0
1121102,0
1143255,0
1101394,0
1170441,0
1097010,0
1143285,0
1182992,0
1170401,0
1182661,0
1157096,0
1130700,0
1166914,0
1225964,0
1221792,0
1222759,0
1225792,0
1194138,0
1174986,0
1174299,0
1218864,0
1199975,0
1179495,0
1225522,0
1181401,0
1170615,0
1172001,0
1094626,0
1121525,0
1190396,0
1097040,0
1175379,0
1218598,0
1180570,0
1182034,0
1097126,0
1205393,0
1214421,0
1110753,0
1180042,0
1107537,0
1182663,0
1214499,0
1107513,0
1115451,0
1150579,0
1121667,0
1157071,0
1172064,0
1182999,0
1222767,0
1156864,0
1182679,0
1230539,0
1162967,0
1222656,0
1234538,0
1182770,0
1190746,0
1184523,0
1225895,0
1170556,0
1110415,0
1182975,0
1200675,0
1197042,0
1210703,0
1110804,0
1152192,0
1208210,0
1096966,0
1198594,0
1198891,0
1205083,0
1163084,0
1097118,0
1166466,0
1170351,0
1151876,0
1213568,0
1232515,0
1170436,0
1145183,0
1131495,0
1194484,0
1141336,0
1146182,0
1162761,0
1190909,0
1137148,0
1152526,0
1210290,0
1146295,0
1145032,0
1175358,0
1141330,0
1182671,0
1207674,0
1121654,0
1196810,0
1103821,0
1182828,0
1219058,0
1110796,0
1146334,0
1163136,0
1103941,0
1097613,0
1115609,0
1223922,0
1214501,0
1110818,0
1164404,0
1107592,0
1228808,0
1101285,0
1121067,0
1200182,0
1151948,0
1101478,0
1107563,0
1095063,0
1156906,0
1096879,0
1141107,0
1175496,0
1151086,0
1106351,0
1198018,0
1156992,0
1218453,0
1106219,0
1161631,0
1183558,0
1205309,0
1134494,0
1101518,0
1175680,0
1104374,0
1146285,0
1093418,0
1210407,0
1132664,0
1223133,0
1214357,0
1199558,0
1131554,0
1205810,0
1203851,0
1155673,0
1131195,0
1107603,0
1218692,0
1197305,0
1141264,0
1199627,0
1224648,0
1103920,0
1140908,0
1205047,0
1137502,0
1214487,0
1233846,0
1175749,0
1190589,0
1151889,0
1205279,0
1101959,0
1172812,0
1163793,0
1141273,0
1167375,0
1204847,0
1190266,0
1137468,0
1131678,0
1205479,0
1137359,0
1182477,0
1167117,0
1182323,0
1096985,0
1157129,0
1225241,0
1179713,0
1182792,0
1196369,0
1207705,0
1132328,0
1131206,0
1095705,0
1205205,0
1188997,0
1174000,0
1137265,0
1167025,0
1214352,0
1101681,0
1222928,0
1233217,0
1131596,0
1146102,0
1135300,0
1169117,0
1230733,0
1170532,0
1190434,0
1134382,0
1152379,0
1133891,0
1134446,0
1162828,0
1175445,0
1158704,0
1137493,0
1222919,0
1156870,0
1224198,0
1115509,0
1110897,0
1158647,0
1207867,0
1182869,0
1107544,0
1162795,0
1207230,0
1141090,0
1210715,0
1190683,0
1110772,0
1130971,0
1214440,0
1156938,0
1110909,0
1210835,0
1131709,0
1156847,0
1182832,0
1212510,0
1170544,0
1204866,0
1190513,0
1232854,0
1146207,0
1094550,0
1218895,0
1174720,0
1094571,0
1168458,0
1162970,0
1167021,0
1182568,0
1107408,0
1169598,0
1227061,0
1226930,0
1131710,0
1167187,0
1155732,0
1146399,0
1134255,0
1115627,0
1175512,0
1162944,0
1222674,0
1207512,0
1217596,0
1161695,0
1100106,0
1145869,0
1146080,0
1117446,0
1175352,0
1179450,0
1093095,0
1190528,0
1196771,0
1143932,0
1184877,0
1190918,0
1103950,0
1157078,0
1170501,0
1207919,0
1097143,0
1103929,0
1228866,0
1151532,0
1134332,0
1228849,0
1223026,0
1197207,0
1190383,0
1225269,0
1107645,0
1205052,0
1134483,0
1190844,0
1222952,0
1107022,0
1132089,0
1103901,0
1228845,0
1112039,0
1103785,0
1141394,0
1131192,0
1208039,0
1115082,0
1214206,0
1210414,0
1117588,0
1186848,0
1169551,0
1179739,0
1205106,0
1169779,0
1094551,0
1182905,0
1183010,0
1176613,0
1093236,0
1205776,0
1175346,0
1218949,0
1234906,0
1175695,0
1205362,0
1156328,0
1223949,0
1131159,0
1224509,0
1230002,0
1234423,0
1162960,0
1158676,0
1151850,0
1130968,0
1096868,0
1115479,0
1117404,0
1224107,0
1196886,0
1226789,0
1175842,0
1191059,0
1224685,0
1204727,0
1158648,0
1151993,0
1175692,0
1146006,0
1190953,0
1110833,0
1216104,0
1190552,0
1170486,0
1204846,0
1181262,0
1167159,0
1157188,0
1141328,0
1105505,0
1181293,0
1176711,0
1131698,0
1133717,0
1116192,0
1170392,0
1233033,0
1200043,0
1100695,0
1219023,0
1182917,0
1223096,0
1190748,0
1115453,0
1161054,0
1136377,0
1234838,0
1118619,0
1156758,0
1166949,0
1131373,0
1131570,0
1233222,0
1163002,0
1110846,0
1175768,0
1197740,0
1145097,0
1146226,0
1174735,0
1234857,0
1174624,0
1129908,0
1115353,0
1179574,0
1156025,0
1096801,0
1226904,0
1096255,0
1210805,0
1158652,0
1150528,0
1182848,0
1198558,0
1136422,0
1196982,0
1170190,0
1160326,0
1151975,0
1137433,0
1189619,0
1131147,0
1225959,0
1175725,0
1167251,0
1224349,0
1154650,0
1146081,0
1151901,0
1141323,0
1233319,0
1190289,0
1163018,0
1106277,0
1093337,0
1147129,0
1144360,0
1227295,0
1210474,0
1234865,0
1197271,0
1182486,0
1175510,0
1214318,0
1205234,0
1146118,0
1151886,0
1146244,0
1096968,0
1115046,0
1181782,0
1214506,0
1228080,0
1115448,0
1210684,0
1197783,0
1214376,0
1147104,0
1107560,0
1190987,0
1151878,0
1228889,0
1097028,0
1233140,0
1190969,0
1230740,0
1233371,0
1182755,0
1208006,0
1141289,0
1131707,0
1093364,0
1230521,0
1189628,0
1232848,0
1161718,0
1225869,0
1167168,0
1163118,0
1094564,0
1182574,0
1094567,0
1208003,0
1153296,0
1153810,0
1170562,0
1223122,0
1228700,0
1218984,0
1103856,0
1169929,0
1137457,0
1190785,0
1170597,0
1158646,0
1110898,0
1214378,0
1156900,0
1233279,0
1101216,0
1157926,0
1117581,0
1182934,0
1230741,0
1194951,0
1131339,0
1178277,0
1175392,0
1121662,0
1175476,0
1131272,0
1218946,0
1197236,0
1196364,0
1133615,0
1096838,0
1225952,0
1182933,0
1219132,0
1171937,0
1199959,0
1134358,0
1226903,0
1198017,0
1146281,0
1233262,0
1210523,0
1166843,0
1155272,0
1140037,0
1205303,0
1154271,0
1182071,0
1182431,0
1117491,0
1121493,0
1193921,0
1200069,0
1190395,0
1222996,0
1210543,0
1173527,0
1219041,0
1182790,0
1154472,0
1230035,0
1152251,0
1101176,0
1197511,0
1107521,0
1101560,0
1218846,0
1157089,0
1134243,0
1096975,0
1218178,0
1115428,0
1197088,0
1226882,0
1214361,0
1191110,0
1170515,0
1190836,0
1154146,0
1146020,0
1144490,0
1152215,0
1231678,0
1233334,0
1120346,0
1207046,0
1156069,0
1109576,0
1216303,0
1175610,0
1134432,0
1096995,0
1169096,0
1131392,0
1196938,0
1233042,0
1115579,0
1182932,0
1131669,0
1190631,0
1131560,0
1198356,0
1131370,0
1214502,0
1207945,0
1145335,0
1230702,0
1194248,0
1208106,0
1115460,0
1144694,0
1226912,0
1219052,0
1121704,0
1101521,0
1182476,0
1170394,0
1107383,0
1130252,0
1156904,0
1199437,0
1131682,0
1121706,0
1197038,0
1223131,0
1151988,0
1190594,0
1151773,0
1182944,0
1190493,0
1156917,0
1152382,0
1151966,0
1110937,0
1175665,0
1176994,0
1209934,0
1134398,0
1148235,0
1162943,0
1170339,0
1190715,0
1135006,0
1096843,0
1107588,0
1121491,0
1101325,0
1218414,0
1190474,0
1196072,0
1156675,0
1210777,0
1166535,0
1157619,0
1198264,0
1228577,0
1141123,0
1178736,0
1157170,0
1093455,0
1172052,0
1210111,0
1157900,0
1205035,0
1222687,0
1116581,0
1107654,0
1102807,0
1145933,0
1222920,0
1182550,0
1164897,0
1156652,0
1163049,0
1205230,0
1142489,0
1228847,0
1166981,0
1188156,0
1094609,0
1100181,0
1210822,0
1214445,0
1205892,0
1217709,0
1172852,0
1175361,0
1205423,0
1207278,0
1167383,0
1182589,0
1225890,0
1205009,0
1157104,0
1182645,0
1175788,0
1190557,0
1149945,0
1190454,0
1149079,0
1210672,0
1214356,0
1157133,0
1204623,0
1209914,0
1169270,0
1207534,0
1194511,0
1202877,0
1154265,0
1175255,0
1207593,0
1220270,0
1096990,0
1156775,0
1152255,0
1190967,0
1131226,0
1162883,0
1131172,0
1230732,0
1166940,0
1197103,0
1190600,0
1228831,0
1190756,0
1157075,0
1200215,0
1219022,0
1145899,0
1171076,0
1181745,0
1218999,0
1210823,0
1163128,0
1175671,0
1148947,0
1190703,0
1175668,0
1181404,0
1151947,0
1224356,0
1230513,0
1149967,0
1141106,0
1167145,0
1163063,0
1222963,0
1115576,0
1167100,0
1218418,0
1117422,0
1103845,0
1175681,0
1137248,0
1094570,0
1121676,0
1166980,0
1115614,0
1120321,0
1182372,0
1195486,0
1107564,0
1167092,0
1100866,0
1107616,0
1162402,0
1190473,0
1128732,0
1171450,0
1224367,0
1210525,0
1208666,0
1170469,0
1093439,0
1183009,0
1205201,0
1151456,0
1198313,0
1154266,0
1205110,0
1103884,0
1190373,0
1131185,0
1103769,0
1232892,0
1214488,0
1145879,0
1162938,0
1117474,0
1121617,0
1175364,0
1119925,0
1131420,0
1190668,0
1221084,0
1149010,0
1200190,0
1115557,0
1197120,0
1170448,0
1162837,0
1115379,0
1175356,0
1175383,0
1105249,0
1191064,0
1136901,0
1101528,0
1175778,0
1232674,0
1131404,0
1218917,0
1131407,0
1181410,0
1135739,0
1161760,0
1116075,0
1120991,0
1146134,0
1137324,0
1197102,0
1166399,0
1234536,0
1142505,0
1233164,0
1103897,0
1107745,0
1168705,0
1101312,0
1182468,0
1146016,0
1129812,0
1093436,0
1143962,0
1230510,0
1096979,0
1175384,0
1224766,0
1115450,0
1121517,0
1228217,0
1205395,0
1169930,0
1158674,0
1163083,0
1190471,0
1218395,0
1186050,0
1158085,0
1215410,0
1093424,0
1115575,0
1152119,0
1230716,0
1201324,0
1093446,0
1117486,0
1117580,0
1156970,0
1218920,0
1182618,0
1182787,0
1170517,0
1121686,0
1171065,0
1229587,0
1228748,0
1175612,0
1206547,0
1107712,0
1146236,0
1173552,0
1191134,0
1175660,0
1209874,0
1145934,0
1096943,0
1131526,0
1214497,0
1205206,0
1175450,0
1137414,0
1226921,0
1174528,0
1141422,0
1093334,0
1191152,0
1175502,0
1144998,0
1208004,0
1144685,0
1100604,0
1096463,0
1137485,0
1170356,0
1229803,0
1163021,0
1132449,0
1094633,0
1115359,0
1157564,0
1146011,0
1131166,0
1218543,0
1196856,0
1182405,0
1145903,0
1208144,0
1132367,0
1200225,0
1170361,0
1134354,0
1170159,0
1163039,0
1214498,0
1197083,0
1176977,0
1197256,0
1167146,0
1218129,0
1115381,0
1233190,0
1185884,0
1152224,0
1205389,0
1115772,0
1170416,0
1101268,0
1209175,0
1103256,0
1101190,0
1210293,0
1129993,0
1121555,0
1131179,0
1170398,0
1162845,0
1131379,0
1146112,0
1101461,0
1162722,0
1115439,0
1208619,0
1233157,0
1141228,0
1142917,0
1204898,0
1191104,0
1166903,0
1176249,0
1224343,0
1190993,0
1204662,0
1093281,0
1193386,0
1103851,0
1135301,0
1230680,0
1175497,0
1225262,0
1101379,0
1208108,0
1221838,0
1213761,0
1115733,0
1112020,0
1137289,0
1214515,0
1167190,0
1120852,0
1152218,0
1148234,0
1191031,0
1115033,0
1207741,0
1214423,0
1175398,0
1190606,0
1134378,0
1162533,0
1175632,0
1107515,0
1169275,0
1222117,0
1174192,0
1162931,0
1134372,0
1182684,0
1171474,0
1200195,0
1131383,0
1131309,0
1157032,0
1163052,0
1197093,0
1182745,0
1188138,0
1131699,0
1197270,0
1208960,0
1210743,0
1214413,0
1103862,0
1107535,0
1133464,0
1222363,0
1175764,0
1182863,0
1121486,0
1190968,0
1197986,0
1141534,0
1133758,0
1189442,0
1224380,0
1152253,0
1222988,0
1211774,0
1206792,0
1208074,0
1214110,0
1182644,0
1204122,0
1115392,0
1157083,0
1170426,0
1115654,0
1223116,0
1118748,0
1158678,0
1145996,0
1141463,0
1225640,0
1110553,0
1202662,0
1218358,0
1144897,0
1161948,0
1134479,0
1175723,0
1198350,0
1196041,0
1162551,0
1182943,0
1196382,0
1110447,0
1230675,0
1221756,0
1167106,0
1189435,0
1175758,0
1107671,0
1170178,0
1130908,0
1093428,0
1146165,0
1137311,0
1115355,0
1152254,0
1120819,0
1196942,0
1110926,0
1146061,0
1208060,0
1145988,0
1191108,0
1182843,0
1234739,0
1204225,0
1182784,0
1121524,0
1191081,0
1131673,0
1181916,0
1222626,0
1094588,0
1205275,0
1181822,0
1197182,0
1134240,0
1156636,0
1194333,0
1182763,0
1162211,0
1178795,0
1230646,0
1182610,0
1146200,0
1194244,0
1190679,0
1209970,0
1210849,0
1182996,0
1152548,0
1110582,0
1182972,0
1210436,0
1224406,0
1202400,0
1096846,0
1230734,0
1220313,0
1179620,0
1115584,0
1162646,0
1230649,0
1234765,0
1199753,0
1229335,0
1175716,0
1110929,0
1205391,0
1194509,0
1190514,0
1144580,0
1214453,0
1196969,0
1217102,0
1175741,0
1181821,0
1093369,0
1182728,0
1170499,0
1145316,0
1134308,0
1152141,0
1225234,0
1156998,0
1204317,0
1162729,0
1115006,0
1151959,0
1141251,0
1167408,0
1110862,0
1214489,0
1193765,0
1101558,0
1150636,0
1150585,0
1233297,0
1228654,0
1219096,0
1101421,0
1182394,0
1200199,0
1146431,0
1093074,0
1146395,0
1205404,0
1204368,0
1167523,0
1191085,0
1182499,0
1167006,0
1093605,0
1121475,0
1115562,0
1205132,0
1151879,0
1191129,0
1190568,0
1146345,0
1233825,0
1158640,0
1210379,0
1133704,0
1218972,0
1225039,0
1103729,0
1175415,0
1222658,0
1155980,0
1115504,0
1200219,0
1228806,0
1190875,0
1115363,0
1156898,0
1107805,0
1175494,0
1120781,0
1204331,0
1210758,0
1166807,0
1214537,0
1141268,0
1200149,0
1152134,0
1180710,0
1168760,0
1218979,0
1133334,0
1224499,0
1190727,0
1207477,0
1162472,0
1134392,0
1103832,0
1218667,0
1205253,0
1196788,0
1131468,0
1133361,0
1134331,0
1136153,0
1201887,0
1171487,0
1096607,0
1131425,0
1131639,0
1209947,0
1106900,0
1208171,0
1137317,0
1198905,0
1131514,0
1107790,0
1225659,0
1234886,0
1131363,0
1145887,0
1170579,0
1158372,0
1183046,0
1182665,0
1190221,0
1222705,0
1225025,0
1134380,0
1137085,0
1176990,0
1137032,0
1161900,0
1115443,0
1181414,0
1156482,0
1182035,0
1207763,0
1163066,0
1170957,0
1224759,0
1096328,0
1162919,0
1131430,0
1152164,0
1131474,0
1107771,0
1189983,0
1225845,0
1197513,0
1182332,0
1223006,0
1151533,0
1157916,0
1115773,0
1101126,0
1173334,0
1141428,0
1094586,0
1156798,0
1175771,0
1151885,0
1141486,0
1133609,0
1166899,0
1204791,0
1219124,0
1101984,0
1205215,0
1230632,0
1141255,0
1158615,0
1174858,0
1133987,0
1101188,0
1132999,0
1115904,0
1225467,0
1115080,0
1115741,0
1145948,0
1131432,0
1135529,0
1101438,0
1175253,0
1175566,0
1182429,0
1204206,0
1146168,0
1198830,0
1146350,0
1197188,0
1179898,0
1101387,0
1141100,0
1096915,0
1198054,0
1217493,0
1141476,0
1107657,0
1205305,0
1179700,0
1181001,0
1224803,0
1173752,0
1218918,0
1182420,0
1131683,0
1151500,0
1224747,0
1093454,0
1228255,0
1190873,0
1191040,0
1190829,0
1195401,0
1175019,0
1115511,0
1194165,0
1222706,0
1094577,0
1156973,0
1166928,0
1172845,0
1110954,0
1151986,0
1156828,0
1141413,0
1152380,0
1137478,0
1134002,0
1131513,0
1198833,0
1204899,0
1191139,0
1228265,0
1182868,0
1157025,0
1201434,0
1121680,0
1096639,0
1102617,0
1182707,0
1101168,0
1175639,0
1209328,0
1204253,0
1205548,0
1166912,0
1182624,0
1182735,0
1097026,0
1157144,0
1234895,0
1098421,0
1173052,0
1115303,0
1103261,0
1146129,0
1115352,0
1115252,0
1115554,0
1163027,0
1115606,0
1145970,0
1228212,0
1223045,0
1131628,0
1137469,0
1183001,0
1203811,0
1156729,0
1210668,0
1200169,0
1110809,0
1197507,0
1093423,0
1223013,0
1182061,0
1175385,0
1212498,0
1131438,0
1172866,0
1121622,0
1101275,0
1207521,0
1131163,0
1214288,0
1175467,0
1151440,0
1101335,0
1221823,0
1115522,0
1133624,0
1190272,0
1162934,0
1117518,0
1121509,0
1145008,0
1150701,0
1131592,0
1229377,0
1170415,0
1107791,0
1210669,0
1204873,0
1169284,0
1101547,0
1157006,0
1166916,0
1223085,0
1134487,0
1098440,0
1117494,0
1179732,0
1197486,0
1136604,0
1226888,0
1115681,0
1110948,0
1117255,0
1221587,0
1157139,0
1191093,0
1110220,0
1157018,0
1222902,0
1190518,0
1219046,0
1179617,0
1145908,0
1230360,0
1182837,0
1141294,0
1169280,0
1234839,0
1205266,0
1121601,0
1103915,0
1100585,0
1190978,0
1216403,0
1121607,0
1204073,0
1186430,0
1222650,0
1223917,0
1225156,0
1219072,0
1110872,0
1223098,0
1212496,0
1223012,0
1121527,0
1218931,0
1223024,0
1230150,0
1207840,0
1170531,0
1182357,0
1234344,0
1225968,0
1210619,0
1114264,0
1094234,0
1162735,0
1094545,0
1110900,0
1208111,0
1200209,0
1233307,0
1182807,0
1175477,0
1152161,0
1214450,0
1115705,0
1229007,0
1182778,0
1175611,0
1110721,0
1137376,0
1137362,0
1218723,0
1190323,0
1156948,0
1197392,0
1233268,0
1210651,0
1156407,0
1210377,0
1107723,0
1103808,0
1115685,0
1214422,0
1225796,0
1226902,0
1131635,0
1134461,0
1205412,0
1132385,0
1234757,0
1107587,0
1146038,0
1158061,0
1178962,0
1203373,0
1179971,0
1121535,0
1107734,0
1162839,0
1115749,0
1171223,0
1201911,0
1200068,0
1167010,0
1222679,0
1162786,0
1101364,0
1101224,0
1233258,0
1110888,0
1183015,0
1110774,0
1208095,0
1215780,0
1205218,0
1190496,0
1134198,0
1195438,0
1205200,0
1121664,0
1171833,0
1107699,0
1115679,0
1205318,0
1115701,0
1198339,0
1218121,0
1190576,0
1093338,0
1137327,0
1134309,0
1097059,0
1182658,0
1103180,0
1195766,0
1210685,0
1152201,0
1171460,0
1218870,0
1195873,0
1142286,0
1115703,0
1137316,0
1182687,0
1229644,0
1210831,0
1096367,0
1206980,0
1197116,0
1092791,0
1101221,0
1101315,0
1096017,0
1198557,0
1137410,0
1094636,0
1094635,0
1190897,0
1151215,0
1205346,0
1110891,0
1101185,0
1107693,0
1234913,0
1191063,0
1115740,0
1234905,0
1141087,0
1157033,0
1197941,0
1174964,0
1181645,0
1103828,0
1152069,0
1230361,0
1143865,0
1146104,0
1134865,0
1110518,0
1197278,0
1167134,0
1234548,0
1214442,0
1094471,0
1134355,0
1175721,0
1167009,0
1207934,0
1096016,0
1157038,0
1145975,0
1097073,0
1182583,0
1117563,0
1178066,0
1196075,0
1166960,0
1182935,0
1107726,0
1190692,0
1162730,0
1225006,0
1152107,0
1227336,0
1144992,0
1103850,0
1110957,0
1219037,0
1198328,0
1147622,0
1107716,0
1220519,0
1210542,0
1158609,0
1219029,0
1147432,0
1204209,0
1097813,0
1221922,0
1223931,0
1146347,0
1169273,0
1152053,0
1156897,0
1117559,0
1157035,0
1206794,0
1101987,0
1151586,0
1169834,0
1182479,0
1121621,0
1218886,0
1178034,0
1149637,0
1117482,0
1110837,0
1121669,0
1218997,0
1101129,0
1152043,0
1196052,0
1218942,0
1234168,0
1115500,0
1151679,0
1222655,0
1167407,0
1227193,0
1107806,0
1130446,0
1164958,0
1218201,0
1137475,0
1135920,0
1197670,0
1182983,0
1121500,0
1190393,0
1157969,0
1214408,0
1214444,0
1191007,0
1137102,0
1203064,0
1165193,0
1198855,0
1107800,0
1115651,0
1151987,0
1223063,0
1191067,0
1225029,0
1190792,0
1147097,0
1151833,0
1141397,0
1208248,0
1152090,0
1228172,0
1232343,0
1115158,0
1227153,0
1141446,0
1227568,0
1101562,0
1196224,0
1169311,0
1227865,0
1225581,0
1171098,0
1197091,0
1136114,0
1219538,0
1230524,0
1152243,0
1198312,0
1101543,0
1117542,0
1174954,0
1196897,0
1114327,0
1110895,0
1134306,0
1121712,0
1114656,0
1131555,0
1137405,0
1158606,0
1134020,0
1157183,0
1146121,0
1162723,0
1134303,0
1130330,0
1110949,0
1207984,0
1135314,0
1181377,0
1131479,0
1162962,0
1141464,0
1110959,0
1198854,0
1195932,0
1115574,0
1200192,0
1097129,0
1158045,0
1101332,0
1110604,0
1190927,0
1215204,0
1130235,0
1197684,0
1131247,0
1225111,0
1131657,0
1133950,0
1205361,0
1121709,0
1222735,0
1207571,0
1121714,0
1155741,0
1221781,0
1190554,0
1141516,0
1219007,0
1101151,0
1191084,0
1134435,0
1131597,0
1196932,0
1149362,0
1214054,0
1214328,0
1218218,0
1143741,0
1175706,0
1099532,0
1205791,0
1137391,0
1170428,0
1224726,0
1152746,0
1137339,0
1228218,0
1225781,0
1101854,0
1203095,0
1198311,0
1106566,0
1205301,0
1136174,0
1107469,0
1170457,0
1230103,0
1146398,0
1156907,0
1131584,0
1214372,0
1171550,0
1097004,0
1196975,0
1141529,0
1134164,0
1228822,0
1190935,0
1190538,0
1110873,0
1115531,0
1162785,0
1131627,0
1198266,0
1182910,0
1221853,0
1191010,0
1145936,0
1223159,0
1141433,0
1174870,0
1153333,0
1121329,0
1131571,0
1197015,0
1215645,0
1166989,0
1146031,0
1190813,0
1157138,0
1101231,0
1094552,0
1205069,0
1170331,0
1100784,0
1116859,0
1101376,0
1162889,0
1131342,0
1200119,0
1190504,0
1200154,0
1191114,0
1214479,0
1107542,0
1229591,0
1190445,0
1182750,0
1222943,0
1191107,0
1206116,0
1129810,0
1198718,0
1204964,0
1197189,0
1219087,0
1180920,0
1130852,0
1146482,0
1182621,0
1182703,0
1107548,0
1094624,0
1204995,0
1175174,0
1219094,0
1155689,0
1167154,0
1182685,0
1137347,0
1196817,0
1152196,0
1171905,0
1121684,0
1131607,0
1191051,0
1169960,0
1162742,0
1183006,0
1134244,0
1149929,0
1167124,0
1146227,0
1209379,0
1140569,0
1110890,0
1136886,0
1181241,0
1166546,0
1110762,0
1190491,0
1222831,0
1115495,0
1121649,0
1164149,0
1146373,0
1218585,0
1227035,0
1230660,0
1133897,0
1158553,0
1151918,0
1230239,0
1217864,0
1133571,0
1214238,0
1182502,0
1115739,0
1101181,0
1115365,0
1121496,0
1211817,0
1151956,0
1135047,0
1166666,0
1190710,0
1092937,0
1115597,0
1154127,0
1145478,0
1117557,0
1158685,0
1157063,0
1110225,0
1170767,0
1223029,0
1197026,0
1233310,0
1167087,0
1166923,0
1190439,0
1191118,0
1157186,0
1207513,0
1152264,0
1131461,0
1149319,0
1199933,0
1149040,0
1224574,0
1182533,0
1218425,0
1152062,0
1181400,0
1093460,0
1170304,0
1117569,0
1136311,0
1226898,0
1232268,0
1140297,0
1131548,0
1134310,0
1149944,0
1137438,0
1207500,0
1197201,0
1228651,0
1131274,0
1182635,0
1157158,0
1204896,0
1222960,0
1194816,0
1130361,0
1144758,0
1207215,0
1190475,0
1203154,0
1222860,0
1182391,0
1190002,0
1146166,0
1115401,0
1097066,0
1197177,0
1230597,0
1221806,0
1154420,0
1218661,0
1179149,0
1174933,0
1230034,0
1196863,0
1170350,0
1219438,0
1190571,0
1167188,0
1114186,0
1161519,0
1141260,0
1204180,0
1131181,0
1163134,0
1151851,0
1222929,0
1233249,0
1170437,0
1197124,0
1170495,0
1131256,0
1174859,0
1115521,0
1145992,0
1150861,0
1208195,0
1225703,0
1220657,0
1117458,0
1233277,0
1115769,0
1208141,0
1130950,0
1200050,0
1182546,0
1136430,0
1109987,0
1157094,0
1227171,0
1141400,0
1103608,0
1093358,0
1233314,0
1197585,0
1206703,0
1174771,0
1131634,0
1182859,0
1115356,0
1115409,0
1101524,0
1205418,0
1189862,0
1138471,0
1224375,0
1164360,0
1151059,0
1107460,0
1152059,0
1219105,0
1206003,0
1130879,0
1166798,0
1210384,0
1198228,0
1131527,0
1174025,0
1137623,0
1233248,0
1175228,0
1190400,0
1173208,0
1104662,0
1143851,0
1143214,0
1121485,0
1221369,0
1110778,0
1162765,0
1191113,0
1170560,0
1199488,0
1146221,0
1146327,0
1167024,0
1107636,0
1229378,0
1211694,0
1093465,0
1228890,0
1216630,0
1145913,0
1097015,0
1156920,0
1229374,0
1209913,0
1141371,0
1150997,0
1107549,0
1228846,0
1232436,0
1153300,0
1214253,0
1110541,0
1225093,0
1214382,0
1152023,0
1096258,0
1110876,0
1117462,0
1182364,0
1163072,0
1233094,0
1197198,0
1198302,0
1110825,0
1101411,0
1131708,0
1101510,0
1152037,0
1107604,0
1157012,0
1165619,0
1148144,0
1218938,0
1117380,0
1141442,0
1096886,0
1218862,0
1115600,0
1166765,0
1217423,0
1157887,0
1134353,0
1152030,0
1103839,0
1163115,0
1182899,0
1190404,0
1157113,0
1183012,0
1131377,0
1115412,0
1182572,0
1103684,0
1218697,0
1121690,0
1214280,0
1205315,0
1191016,0
1131568,0
1226897,0
1233323,0
1152281,0
1130468,0
1219142,0
1222864,0
1120839,0
1203449,0
1190768,0
1194525,0
1205906,0
1121576,0
1103333,0
1223114,0
1218910,0
1218689,0
1175772,0
1174419,0
1093723,0
1210648,0
1110921,0
1162049,0
1189474,0
1207643,0
1203714,0
1222999,0
1205260,0
1162660,0
1192372,0
1094750,0
1170717,0
1197258,0
1141219,0
1214324,0
1131441,0
1175389,0
1190914,0
1190767,0
1146198,0
1193841,0
1107663,0
1196894,0
1197194,0
1232901,0
1115567,0
1190431,0
1206312,0
1131151,0
1210840,0
1233087,0
1141522,0
1152217,0
1213525,0
1162852,0
1152033,0
1182538,0
1230738,0
1155463,0
1103760,0
1115774,0
1152223,0
1168036,0
1149712,0
1101235,0
1107566,0
1097001,0
1219902,0
1189377,0
1219145,0
1190476,0
1182751,0
1131390,0
1134296,0
1200151,0
1185475,0
1182799,0
1137319,0
1131494,0
1146172,0
1103688,0
1120723,0
1219129,0
1162921,0
1198678,0
1102790,0
1120879,0
1107447,0
1101175,0
1205223,0
1158119,0
1225499,0
1191050,0
1200204,0
1200203,0
1094634,0
1146146,0
1143703,0
1197071,0
1210791,0
1110821,0
1115590,0
1218088,0
1218313,0
1138166,0
1127768,0
1206637,0
1205243,0
1141365,0
1097005,0
1175562,0
1208099,0
1131180,0
1167213,0
1115686,0
1101245,0
1208187,0
1182758,0
1166900,0
1179805,0
1225037,0
1121703,0
1166890,0
1210120,0
1174126,0
1130251,0
1226891,0
1141355,0
1157149,0
1214524,0
1182617,0
1131398,0
1145813,0
1198348,0
1097045,0
1117541,0
1198211,0
1170311,0
1152006,0
1210607,0
1100029,0
1141296,0
1200227,0
1135299,0
1179265,0
1174637,0
1121574,0
1223018,0
1096926,0
1190622,0
1141468,0
1163023,0
1170386,0
1191068,0
1210305,0
1198111,0
1208063,0
1175509,0
1101232,0
1210832,0
1107012,0
1167392,0
1101266,0
1155474,0
1163102,0
1144752,0
1097134,0
1182505,0
1107651,0
1162924,0
1198644,0
1131675,0
1197098,0
1096796,0
1210778,0
1136423,0
1175702,0
1145942,0
1101255,0
1223097,0
1204857,0
1146296,0
1199632,0
1107735,0
1117523,0
1137418,0
1234856,0
1103805,0
1121665,0
1162833,0
1141094,0
1159780,0
1182371,0
1175406,0
1156473,0
1152128,0
1152100,0
1145924,0
1228629,0
1130260,0
1096907,0
1131687,0
1210681,0
1110442,0
1175213,0
1210724,0
1131162,0
1228744,0
1137365,0
1115441,0
1205216,0
1131452,0
1131480,0
1151131,0
1097035,0
1233243,0
1093341,0
1152585,0
1151096,0
1131366,0
1210847,0
1167115,0
1225905,0
1208161,0
1153013,0
1107314,0
1106939,0
1214396,0
1158522,0
1136877,0
1170417,0
1157097,0
1156698,0
1121516,0
1210590,0
1107528,0
1144857,0
1141344,0
1230429,0
1223062,0
1094339,0
1115528,0
1121620,0
1174991,0
1222983,0
1110878,0
1141403,0
1174937,0
1175089,0
1175446,0
1205056,0
1193812,0
1210810,0
1134381,0
1196858,0
1103334,0
1134370,0
1166460,0
1170491,0
1110945,0
1131653,0
1146277,0
1131288,0
1151836,0
1131241,0
1219002,0
1137255,0
1219133,0
1224489,0
1214165,0
1175657,0
1153392,0
1205271,0
1156682,0
1130832,0
1230534,0
1172787,0
1216088,0
1161489,0
1096945,0
1170157,0
1103902,0
1142508,0
1141353,0
1206192,0
1205006,0
1179711,0
1204211,0
1196807,0
1190766,0
1204590,0
1197114,0
1162539,0
1096965,0
1201723,0
1162571,0
1162791,0
1173195,0
1165735,0
1146388,0
1224518,0
1191477,0
1162755,0
1156687,0
1145722,0
1150225,0
1137348,0
1152240,0
1121483,0
1196435,0
1131316,0
1121693,0
1167202,0
1117484,0
1133076,0
1142106,0
1205417,0
1110136,0
1183004,0
1101210,0
1115687,0
1107696,0
1145919,0
1157055,0
1190532,0
1233336,0
1207965,0
1200188,0
1145928,0
1208049,0
1175448,0
1196036,0
1141238,0
1152387,0
1169924,0
1166974,0
1108540,0
1225963,0
1190575,0
1155138,0
1191028,0
1167144,0
1156191,0
1106995,0
1207850,0
1103794,0
1222695,0
1107661,0
1132534,0
1093437,0
1115569,0
1115603,0
1179479,0
1141858,0
1190971,0
1190644,0
1093227,0
1181760,0
1175081,0
1173021,0
1141642,0
1218615,0
1228870,0
1222792,0
1155996,0
1196985,0
1137330,0
1103914,0
1205185,0
1193193,0
1141288,0
1146055,0
1158630,0
1222552,0
1197017,0
1131273,0
1118326,0
1230731,0
1222053,0
1141511,0
1131268,0
1149364,0
1218926,0
1151740,0
1207010,0
1096377,0
1228543,0
1146169,0
1219063,0
1233092,0
1157085,0
1149076,0
1207520,0
1121591,0
1166945,0
1218577,0
1198340,0
1197247,0
1218856,0
1232254,0
1107512,0
1105289,0
1115623,0
1101329,0
1120312,0
1234831,0
1151372,0
1131232,0
1210686,0
1134299,0
1130902,0
1165666,0
1210554,0
1210660,0
1211784,0
1219081,0
1210729,0
1167061,0
1198858,0
1134368,0
1190426,0
1195331,0
1143687,0
1166952,0
1196185,0
1163037,0
1180528,0
1092919,0
1140780,0
1103889,0
1115756,0
1094673,0
1233287,0
1107565,0
1101457,0
1182757,0
1217406,0
1190378,0
1110525,0
1138641,0
1197105,0
1182564,0
1134416,0
1167026,0
1101191,0
1151895,0
1166889,0
1230045,0
1230676,0
1195740,0
1182887,0
1115398,0
1170771,0
1175608,0
1207827,0
1137278,0
1174644,0
1197661,0
1110784,0
1200205,0
1197700,0
1228882,0
1205232,0
1152166,0
1204974,0
1121504,0
1139580,0
1230612,0
1210828,0
1230686,0
1190849,0
1137149,0
1189974,0
1141341,0
1225044,0
1134030,0
1157189,0
1103804,0
1149045,0
1167376,0
1107713,0
1107731,0
1174327,0
1170477,0
1190735,0
1097037,0
1234742,0
1218215,0
1141276,0
1134462,0
1233074,0
1191066,0
1207852,0
1157628,0
1190555,0
1175707,0
1121602,0
1156319,0
1152239,0
1176735,0
1117545,0
1190414,0
1129529,0
1197759,0
1168069,0
1103121,0
1197127,0
1131328,0
1114736,0
1202175,0
1097024,0
1225204,0
1141088,0
1131335,0
1141435,0
1157021,0
1162952,0
1214629,0
1163098,0
1162252,0
1224691,0
1191054,0
1203143,0
1107143,0
1229163,0
1166838,0
1156618,0
1141393,0
1196822,0
1182825,0
1133071,0
1207710,0
1233276,0
1166311,0
1204829,0
1141460,0
1204515,0
1141421,0
1182600,0
1190603,0
1190714,0
1156990,0
1137460,0
1162692,0
1182558,0
1158671,0
1204764,0
1129765,0
1233099,0
1107152,0
1205571,0
1094641,0
1115477,0
1101402,0
1101511,0
1207868,0
1101990,0
1203733,0
1183024,0
1198283,0
1152615,0
1093402,0
1134374,0
1212512,0
1175620,0
1151805,0
1218937,0
1137436,0
1141386,0
1156317,0
1146096,0
1163010,0
1191008,0
1130741,0
1134193,0
1134860,0
1155700,0
1101200,0
1162753,0
1138165,0
1228719,0
1224365,0
1131637,0
1179702,0
1152238,0
1196935,0
1182525,0
1115568,0
1225114,0
1225825,0
1133335,0
1151230,0
1233278,0
1230708,0
1137423,0
1156030,0
1103894,0
1234885,0
1167244,0
1151923,0
1234636,0
1145154,0
1110831,0
1158689,0
1212491,0
1197081,0
1225395,0
1170496,0
1190942,0
1196537,0
1141552,0
1174934,0
1214492,0
1167204,0
1093522,0
1196223,0
1104887,0
1146213,0
1101182,0
1121595,0
1182747,0
1197517,0
1204877,0
1131550,0
1182952,0
1182694,0
1196626,0
1197233,0
1226879,0
1213798,0
1210802,0
1223106,0
1156750,0
1151915,0
1146256,0
1151909,0
1137374,0
1200200,0
1182697,0
1203707,0
1234551,0
1228657,0
1101519,0
1177224,0
1117527,0
1218873,0
1146092,0
1094591,0
1182719,0
1094637,0
1162573,0
1121683,0
1134467,0
1151818,0
1093462,0
1145711,0
1230312,0
1146366,0
1101492,0
1174500,0
1218934,0
1096931,0
1101336,0
1115565,0
1219070,0
1170104,0
1107748,0
1141244,0
1222899,0
1229579,0
1167043,0
1230398,0
1167185,0
1159515,0
1190460,0
1170107,0
1117556,0
1234898,0
1147571,0
1107532,0
1145196,0
1226876,0
1143256,0
1173904,0
1234661,0
1205222,0
1197637,0
1205731,0
1156706,0
1214428,0
1210811,0
1216439,0
1205039,0
1097032,0
1164950,0
1190450,0
1224221,0
1141179,0
1128196,0
1162770,0
1225961,0
1134490,0
1101557,0
1181314,0
1170443,0
1146724,0
1101186,0
1200201,0
1146310,0
1131422,0
1130644,0
1152181,0
1205273,0
1103204,0
1210712,0
1181817,0
1214374,0
1101187,0
1110830,0
1146483,0
1163086,0
1137453,0
1182820,0
1221443,0
1222403,0
1121578,0
1190787,0
1190890,0
1166913,0
1117460,0
1117515,0
1204775,0
1131434,0
1096993,0
1171996,0
1096921,0
1094582,0
1141062,0
1092885,0
1117459,0
1141214,0
1222836,0
1224360,0
1107099,0
1221775,0
1222958,0
1131510,0
1166920,0
1110853,0
1134359,0
1110807,0
1195425,0
1110799,0
1101490,0
1213658,0
1121349,0
1141389,0
1210808,0
1233183,0
1161458,0
1131311,0
1158666,0
1189932,0
1205383,0
1222973,0
1136657,0
1096944,0
1169705,0
1146142,0
1204371,0
1175624,0
1137368,0
1162721,0
1092916,0
1131251,0
1208191,0
1205042,0
1110186,0
1152271,0
1146229,0
1175568,0
1204967,0
1182683,0
1101290,0
1117583,0
1131382,0
1107559,0
1230614,0
1096894,0
1198613,0
1103895,0
1220672,0
1190850,0
1171538,0
1113138,0
1197286,0
1134323,0
1175718,0
1223043,0
1230659,0
1153351,0
1163065,0
1169039,0
1150651,0
1212883,0
1141542,0
1132942,0
1097034,0
1115474,0
1150543,0
1183183,0
1212542,0
1196366,0
1103838,0
1205213,0
1203737,0
1107698,0
1223126,0
1107098,0
1230640,0
1166907,0
1227401,0
1190990,0
1218890,0
1234340,0
1156735,0
1208413,0
1152056,0
1197244,0
1093441,0
1175085,0
1131997,0
1230687,0
1190640,0
1152236,0
1198325,0
1121650,0
1152135,0
1107500,0
1202457,0
1102922,0
1156091,0
1130752,0
1198146,0
1214439,0
1224750,0
1173478,0
1221739,0
1157130,0
1101397,0
1152081,0
1210759,0
1162778,0
1190989,0
1101250,0
1197802,0
1197001,0
1137313,0
1191058,0
1210661,0
1131447,0
1207114,0
1229801,0
1224755,0
1219101,0
1148474,0
1131506,0
1170444,0
1197057,0
1229794,0
1190371,0
1182556,0
1218991,0
1224737,0
1103932,0
1156387,0
1107541,0
1120332,0
1199786,0
1093237,0
1115462,0
1233316,0
1190913,0
1173035,0
1203846,0
1218990,0
1199895,0
1223128,0
1190331,0
1192749,0
1175388,0
1121588,0
1175633,0
1170147,0
1115738,0
1162842,0
1207875,0
1115589,0
1149857,0
1146400,0
1218470,0
1182483,0
1153187,0
1175995,0
1210760,0
1200155,0
1227863,0
1140936,0
1205182,0
1106211,0
1218968,0
1197779,0
1114144,0
1190443,0
1190574,0
1165634,0
1200198,0
1141220,0
1101234,0
1199960,0
1190803,0
1175784,0
1128399,0
1197282,0
1202917,0
1182501,0
1093352,0
1105916,0
1170497,0
1163259,0
1182994,0
1134330,0
1131706,0
1171904,0
1162851,0
1147170,0
1157046,0
1151842,0
1175235,0
1196833,0
1101205,0
1228795,0
1219048,0
1157101,0
1165772,0
1222950,0
1157675,0
1158625,0
1162961,0
1182455,0
1115690,0
1107583,0
1190562,0
1190624,0
1103105,0
1131611,0
1233224,0
1228650,0
1190392,0
1146390,0
1225891,0
1169490,0
1223070,0
1223948,0
1206091,0
1175349,0
1093445,0
1174225,0
1141462,0
1101382,0
1221633,0
1097053,0
1166258,0
1207678,0
1141354,0
1233822,0
1225608,0
1219026,0
1195521,0
1110855,0
1225757,0
1162856,0
1129722,0
1145232,0
1107571,0
1121515,0
1224453,0
1170387,0
1097018,0
1133658,0
1228565,0
1121161,0
1218583,0
1200324,0
1110349,0
1192683,0
1141362,0
1210349,0
1233237,0
1170440,0
1121518,0
1218951,0
1173330,0
1190781,0
1115577,0
1166967,0
1228883,0
1117448,0
1188123,0
1101389,0
1180509,0
1148118,0
1146045,0
1130542,0
1197123,0
1137371,0
1171095,0
1175296,0
1200173,0
1219118,0
1222708,0
1161895,0
1131649,0
1217914,0
1144533,0
1233322,0
1198932,0
1223127,0
1156737,0
1167017,0
1162766,0
1190709,0
1222931,0
1101446,0
1175689,0
1228648,0
1231551,0
1208122,0
1175443,0
1175766,0
1175694,0
1182931,0
1151209,0
1204465,0
1204965,0
1151862,0
1110756,0
1170546,0
1214177,0
1134345,0
1121271,0
1190403,0
1198304,0
1131505,0
1190823,0
1175596,0
1156671,0
1195265,0
1198792,0
1170347,0
1152635,0
1096250,0
1103767,0
1200078,0
1197924,0
1190336,0
1131646,0
1132864,0
1157064,0
1196977,0
1199974,0
1158635,0
1175667,0
1101179,0
1115358,0
1163017,0
1131566,0
1163013,0
1219040,0
1170450,0
1116177,0
1107679,0
1146019,0
1096988,0
1151628,0
1170411,0
1182515,0
1110348,0
1174832,0
1134116,0
1140035,0
1210340,0
1228691,0
1096991,0
1110899,0
1131656,0
1223379,0
1208107,0
1115538,0
1221828,0
1121580,0
1190642,0
1131670,0
1230669,0
1132124,0
1167221,0
1228502,0
1167247,0
1169271,0
1209948,0
1170464,0
1229937,0
1157040,0
1218866,0
1144682,0
1152156,0
1114490,0
1101433,0
1121611,0
1134500,0
1101553,0
1222398,0
1110545,0
1214391,0
1096882,0
1131693,0
1192024,0
1233219,0
1096880,0
1225226,0
1115416,0
1214455,0
1222748,0
1136428,0
1131324,0
1167028,0
1131464,0
1197976,0
1093399,0
1197054,0
1214544,0
1222986,0
1115537,0
1210151,0
1170473,0
1219255,0
1152216,0
1173203,0
1162610,0
1207846,0
1096610,0
1146338,0
1141277,0
1227576,0
1106881,0
1200160,0
1134371,0
1115512,0
1134453,0
1210697,0
1110886,0
1205317,0
1190886,0
1110788,0
1152258,0
1131171,0
1223071,0
1175542,0
1156483,0
1138181,0
1162738,0
1182731,0
1151972,0
1121309,0
1205228,0
1133120,0
1221832,0
1137500,0
1182385,0
1103786,0
1115641,0
1174754,0
1197068,0
1158692,0
1162872,0
1233264,0
1227819,0
1230688,0
1177653,0
1162739,0
1205413,0
1182830,0
1146214,0
1133715,0
1182895,0
1167046,0
1117174,0
1184715,0
1225465,0
1101482,0
1195875,0
1110441,0
1208626,0
1131630,0
1107586,0
1141523,0
1219167,0
1179455,0
1141243,0
1208165,0
1197061,0
1162864,0
1170422,0
1162746,0
1170777,0
1169790,0
1198446,0
1152057,0
1198167,0
1228798,0
1094602,0
1167382,0
1151466,0
1207254,0
1196800,0
1146488,0
1162979,0
1141402,0
1167141,0
1224170,0
1136357,0
1206645,0
1162975,0
1210766,0
1229134,0
1117451,0
1169969,0
1167055,0
1145658,0
1101219,0
1179498,0
1234911,0
1131575,0
1155895,0
1152537,0
1132436,0
1182914,0
1197045,0
1145978,0
1167192,0
1222942,0
1230633,0
1225493,0
1115524,0
1144574,0
1175204,0
1157150,0
1230363,0
1170408,0
1228464,0
1141234,0
1198064,0
1180065,0
1208167,0
1131544,0
1175646,0
1222935,0
1207628,0
1219846,0
1170605,0
1206021,0
1130726,0
1175729,0
1156341,0
1203837,0
1228688,0
1110782,0
1228790,0
1174486,0
1156393,0
1136865,0
1096971,0
1205255,0
1204750,0
1231427,0
1198321,0
1103758,0
1198512,0
1228677,0
1199349,0
1134091,0
1101306,0
1208045,0
1125941,0
1174266,0
1131521,0
1132986,0
1198600,0
1156979,0
1204339,0
1174725,0
1130420,0
1191018,0
1163034,0
1196612,0
1145971,0
1230705,0
1205405,0
1137285,0
1190874,0
1205100,0
1203831,0
1138142,0
1141360,0
1163711,0
1208131,0
1197200,0
1191011,0
1205862,0
1208280,0
1149924,0
1223027,0
1166964,0
1198362,0
1101363,0
1214387,0
1131956,0
1156887,0
1146235,0
1103727,0
1093299,0
1225646,0
1137305,0
1141493,0
1121689,0
1130735,0
1131224,0
1205420,0
1167103,0
1131451,0
1134418,0
1097385,0
1170504,0
1214410,0
1175691,0
1201279,0
1106542,0
1107609,0
1158656,0
1208126,0
1117572,0
1121609,0
1219527,0
1121705,0
1110154,0
1227080,0
1107134,0
1182370,0
1131583,0
1141359,0
1175630,0
1182367,0
1214227,0
1228663,0
1131189,0
1101522,0
1103917,0
1134283,0
1182595,0
1210825,0
1175559,0
1175414,0
1182418,0
1110358,0
1130084,0
1146247,0
1141259,0
1147114,0
1151357,0
1103927,0
1134363,0
1140740,0
1110943,0
1131389,0
1197378,0
1171558,0
1156994,0
1162779,0
1219128,0
1232341,0
1180808,0
1234869,0
1166127,0
1198402,0
1096982,0
1190711,0
1133401,0
1233657,0
1192537,0
1167104,0
1175751,0
1166264,0
1094133,0
1189431,0
1103904,0
1214278,0
1225878,0
1172457,0
1158455,0
1182793,0
1156980,0
1170555,0
1117464,0
1206671,0
1121656,0
1141419,0
1198821,0
1198918,0
1146067,0
1170463,0
1166998,0
1182409,0
1116384,0
1120536,0
1214334,0
1190814,0
1174943,0
1119471,0
1190507,0
1167000,0
1182641,0
1215593,0
1219102,0
1170518,0
1194241,0
1190994,0
1118578,0
1174920,0
1174206,0
1222171,0
1196029,0
1227546,0
1208156,0
1224358,0
1143956,0
1134312,0
1190859,0
1222830,0
1150163,0
1197099,0
1157103,0
1182064,0
1184032,0
1234840,0
1118688,0
1170481,0
1146063,0
1141485,0
1205416,0
1146257,0
1096986,0
1131590,0
1219853,0
1174096,0
1225916,0
1140543,0
1170366,0
1175410,0
1110841,0
1182458,0
1182997,0
1152205,0
1102918,0
1107594,0
1152235,0
1107767,0
1152108,0
1175586,0
1190363,0
1188320,0
1130830,0
1167184,0
1096614,0
1230736,0
1225830,0
1141269,0
1097103,0
1198921,0
1158573,0
1107425,0
1153659,0
1175754,0
1218839,0
1152277,0
1103207,0
1190543,0
1228352,0
1131246,0
1198903,0
1145969,0
1146153,0
1190706,0
1149885,0
1218472,0
1151943,0
1205345,0
1230520,0
1156679,0
1181977,0
1170455,0
1190866,0
1137320,0
1117531,0
1097113,0
1167373,0
1234853,0
1094309,0
1206270,0
1162848,0
1230667,0
1101460,0
1097117,0
1213788,0
1213775,0
1132523,0
1093398,0
1219066,0
1096951,0
1131257,0
1152103,0
1107529,0
1174863,0
1170434,0
1191080,0
1167216,0
1182360,0
1198060,0
1190577,0
1097120,0
1095095,0
1192369,0
1138572,0
1131384,0
1222255,0
1152244,0
1195815,0
1140049,0
1190835,0
1162865,0
1157010,0
1222936,0
1107552,0
1141322,0
1225261,0
1209162,0
1096398,0
1149094,0
1223084,0
1234725,0
1158551,0
1182897,0
1137261,0
1096511,0
1131337,0
1225924,0
1172124,0
1188873,0
1107423,0
1198160,0
1190486,0
1175592,0
1134428,0
1207920,0
1167937,0
1225919,0
1131403,0
1093433,0
1208035,0
1197514,0
1173730,0
1197464,0
1117519,0
1162909,0
1222635,0
1188508,0
1190376,0
1196901,0
1230628,0
1133999,0
1158343,0
1188349,0
1115581,0
1151826,0
1222925,0
1146372,0
1145829,0
1221532,0
1224736,0
1210842,0
1233337,0
1189333,0
1101288,0
1101515,0
1179936,0
1173727,0
1181846,0
1223023,0
1175525,0
1198193,0
1205343,0
1218928,0
1115526,0
1205143,0
1131351,0
1175761,0
1167169,0
1134197,0
1214345,0
1133610,0
1182454,0
1182950,0
1182729,0
1137259,0
1204270,0
1150914,0
1143775,0
1115414,0
1158440,0
1131071,0
1157140,0
1198334,0
1115621,0
1233215,0
1141104,0
1137342,0
1182516,0
1157108,0
1222086,0
1227221,0
1145990,0
1227641,0
1094557,0
1207970,0
1148224,0
1218893,0
1107531,0
1216763,0
1101359,0
1208127,0
1205240,0
1210769,0
1198696,0
1146294,0
1137428,0
1162655,0
1162853,0
1223082,0
1151708,0
1121563,0
1175567,0
1204838,0
1207963,0
1096449,0
1144745,0
1230698,0
1233050,0
1204993,0
1223995,0
1203969,0
1208160,0
1151981,0
1196806,0
1175348,0
1206714,0
1107739,0
1110936,0
1103858,0
1218840,0
1224729,0
1101317,0
1171742,0
1205291,0
1207941,0
1206073,0
1227817,0
1205219,0
1103761,0
1162799,0
1137413,0
1197395,0
1179642,0
1115561,0
1233113,0
1144778,0
1131419,0
1107580,0
1152634,0
1141351,0
1233109,0
1189890,0
1101259,0
1207581,0
1134423,0
1156908,0
1110792,0
1167074,0
1131352,0
1103849,0
1131173,0
1190847,0
1131391,0
1131261,0
1107424,0
1152112,0
1121261,0
1162898,0
1204651,0
1093240,0
1162364,0
1121606,0
1107672,0
1115624,0
1130849,0
1141396,0
1131253,0
1145914,0
1234890,0
1096969,0
1101571,0
1121596,0
1167409,0
1197493,0
1209938,0
1190896,0
1182945,0
1218619,0
1230230,0
1158702,0
1158221,0
1175765,0
1234131,0
1136634,0
1225282,0
1152381,0
1170461,0
1094651,0
1141543,0
1110956,0
1195520,0
1103753,0
1131631,0
1146248,0
1198305,0
1218721,0
1138588,0
1107658,0
1137323,0
1101504,0
1197063,0
1140050,0
1205357,0
1204482,0
1137298,0
1182630,0
1151245,0
1103910,0
1167050,0
1205050,0
1107722,0
1149069,0
1141453,0
1174234,0
1132188,0
1146308,0
1141329,0
1107727,0
1134491,0
1167139,0
1162734,0
1208162,0
1152031,0
1210722,0
1189553,0
1107668,0
1210747,0
1225700,0
1156952,0
1094001,0
1110414,0
1103876,0
1196769,0
1150619,0
1197125,0
1131260,0
1116970,0
1101214,0
1115357,0
1131437,0
1225950,0
1151890,0
1162885,0
1205075,0
1154573,0
1182430,0
1223118,0
1198333,0
1148467,0
1156359,0
1210692,0
1128090,0
1097125,0
1121057,0
1197435,0
1181300,0
1146206,0
1121474,0
1110913,0
1166985,0
1197115,0
1173765,0
1131557,0
1145289,0
1107633,0
1093435,0
1111002,0
1096898,0
1146730,0
1151234,0
1141395,0
1152065,0
1214540,0
1151804,0
1228683,0
1101354,0
1225820,0
1219126,0
1156988,0
1182397,0
1167075,0
1197151,0
1197479,0
1214317,0
1145350,0
1197510,0
1175603,0
1228610,0
1117508,0
1136850,0
1133349,0
1141430,0
1222994,0
1182628,0
1220644,0
1224738,0
1210710,0
1206561,0
1155887,0
1101874,0
1163436,0
1152120,0
1182444,0
1175554,0
1214368,0
1190362,0
1166883,0
1101229,0
1146291,0
1146210,0
1156953,0
1182795,0
1204191,0
1151913,0
1131326,0
1146157,0
1225751,0
1103867,0
1167114,0
1162809,0
1227526,0
1156779,0
1228844,0
1150592,0
1197279,0
1110859,0
1182461,0
1196593,0
1234894,0
1181744,0
1121790,0
1150198,0
1115720,0
1182913,0
1162202,0
1222648,0
1212906,0
1203834,0
1163036,0
1228199,0
1215219,0
1141203,0
1115778,0
1145987,0
1205422,0
1147098,0
1115505,0
1131276,0
1205212,0
1183023,0
1121640,0
1178741,0
1129348,0
1196950,0
1147108,0
1162534,0
1167110,0
1166968,0
1191023,0
1214354,0
1167210,0
1131537,0
1217754,0
1137109,0
1110852,0
1206985,0
1228738,0
1150771,0
1110911,0
1152376,0
1233037,0
1137293,0
1151367,0
1110935,0
1149009,0
1134072,0
1190822,0
1224740,0
1197039,0
1151945,0
1152042,0
1152225,0
1218888,0
1225871,0
1182893,0
1094593,0
1208181,0
1156709,0
1169320,0
1100260,0
1190929,0
1222984,0
1130439,0
1223083,0
1115386,0
1114755,0
1101576,0
1117287,0
1162870,0
1145957,0
1208665,0
1101556,0
1221821,0
1152237,0
1137295,0
1101414,0
1207782,0
1115767,0
1217604,0
1110665,0
1121672,0
1208739,0
1137244,0
1217158,0
1190733,0
1131466,0
1146218,0
1228834,0
1218948,0
1141284,0
1196887,0
1132748,0
1133616,0
1218879,0
1135398,0
1162267,0
1233272,0
1228625,0
1183982,0
1182734,0
1101349,0
1146015,0
1173034,0
1175557,0
1174798,0
1210836,0
1197212,0
1163085,0
1107777,0
1146253,0
1205560,0
1169963,0
1170750,0
1141237,0
1233324,0
1141247,0
1225925,0
1180173,0
1103872,0
1210779,0
1096963,0
1117574,0
1179664,0
1187667,0
1144742,0
1134138,0
1147910,0
1182853,0
1115696,0
1204194,0
1205363,0
1163071,0
1197949,0
1152159,0
1190729,0
1210814,0
1225034,0
1107670,0
1182449,0
1210654,0
1093407,0
1146243,0
1162798,0
1096902,0
1214426,0
1190556,0
1173496,0
1150503,0
1167227,0
1094621,0
1154563,0
1157160,0
1169746,0
1190657,0
1189372,0
1096989,0
1207680,0
1107518,0
1234837,0
1209903,0
1166519,0
1117575,0
1137256,0
1156968,0
1170352,0
1101276,0
1190991,0
1110947,0
1173331,0
1205254,0
1134377,0
1156335,0
1223089,0
1162899,0
1213281,0
1200146,0
1228878,0
1129734,0
1175775,0
1218902,0
1096867,0
1190838,0
1151581,0
1157303,0
1214417,0
1131418,0
1234930,0
1147053,0
1182520,0
1143995,0
1161758,0
1183043,0
1158398,0
1153353,0
1200191,0
1107543,0
1146329,0
1157122,0
1146024,0
1132392,0
1141327,0
1218176,0
1230052,0
1101278,0
1156357,0
1190602,0
1133697,0
1175550,0
1190802,0
1107747,0
1204195,0
1100848,0
1234925,0
1207269,0
1227446,0
1131549,0
1140560,0
1203820,0
1131188,0
1103938,0
1134395,0
1131652,0
1121529,0
1223067,0
1115426,0
1107997,0
1221080,0
1110923,0
1116071,0
1141425,0
1146719,0
1205283,0
1230664,0
1233261,0
1163015,0
1167238,0
1218713,0
1152087,0
1218941,0
1167059,0
1182576,0
1144632,0
1182906,0
1130334,0
1174526,0
1213332,0
1214217,0
1175739,0
1218374,0
1146219,0
1141295,0
1209905,0
1103892,0
1207809,0
1146336,0
1207450,0
1182378,0
1101572,0
1175334,0
1148111,0
1101291,0
1199751,0
1210707,0
1162892,0
1152018,0
1163057,0
1170418,0
1214147,0
1167049,0
1167253,0
1234132,0
1180792,0
1196963,0
1131271,0
1218877,0
1210695,0
1193821,0
1133993,0
1175513,0
1137340,0
1233806,0
1156958,0
1152010,0
1222941,0
1158650,0
1162875,0
1163129,0
1133399,0
1156464,0
1207822,0
1166772,0
1225236,0
1233181,0
1134254,0
1223086,0
1162888,0
1168144,0
1131201,0
1219526,0
1158399,0
1190384,0
1202893,0
1182824,0
1161243,0
1194189,0
1210799,0
1182852,0
1166885,0
1101163,0
1107736,0
1190888,0
1103905,0
1227911,0
1233193,0
1197008,0
1172458,0
1210699,0
1130742,0
1223039,0
1193331,0
1196379,0
1136664,0
1170404,0
1152077,0
1197082,0
1166979,0
1167161,0
1170484,0
1182398,0
1190959,0
1233207,0
1140934,0
1224664,0
1137417,0
1199926,0
1110820,0
1170186,0
1140882,0
1175753,0
1094655,0
1169675,0
1190759,0
1163009,0
1195399,0
1233289,0
1107457,0
1157279,0
1137303,0
1163082,0
1161541,0
1182327,0
1214451,0
1137249,0
1162896,0
1189858,0
1121497,0
1197496,0
1146082,0
1139582,0
1180501,0
1151570,0
1131368,0
1223121,0
1182590,0
1141554,0
1190635,0
1101318,0
1223672,0
1097121,0
1146070,0
1152191,0
1151139,0
1228818,0
1101215,0
1222378,0
1152267,0
1101509,0
1207288,0
1180950,0
1205199,0
1175560,0
1207048,0
1183007,0
1156902,0
1190465,0
1132750,0
1167200,0
1210793,0
1190893,0
1158449,0
1097023,0
1093419,0
1117549,0
1141211,0
1141246,0
1094619,0
1189106,0
1153298,0
1219082,0
1169734,0
1204613,0
1227419,0
1097099,0
1228922,0
1174405,0
1210557,0
1152050,0
1134316,0
1170540,0
1233291,0
1198943,0
1146326,0
1175677,0
1224293,0
1137393,0
1141483,0
1131477,0
1182447,0
1152147,0
1115459,0
1208174,0
1218936,0
1222974,0
1168807,0
1197073,0
1115496,0
1190736,0
1175742,0
1188440,0
1151637,0
1095903,0
1162302,0
1156969,0
1156989,0
1167091,0
1208002,0
1210301,0
1103811,0
1214339,0
1162751,0
1204202,0
1227146,0
1208040,0
1205098,0
1094622,0
1167918,0
1094664,0
1110765,0
1107782,0
1117481,0
1101365,0
1155271,0
1110850,0
1158590,0
1210717,0
1182462,0
1152276,0
1214415,0
1182579,0
1103755,0
1191036,0
1190464,0
1132758,0
1103754,0
1222166,0
1156930,0
1228777,0
1131689,0
1097020,0
1228854,0
1110834,0
1205274,0
1208193,0
1142222,0
1174304,0
1219012,0
1179037,0
1128424,0
1175447,0
1168011,0
1094623,0
1173709,0
1224427,0
1225886,0
1190722,0
1156500,0
1195421,0
1182552,0
1214388,0
1135531,0
1205384,0
1169850,0
1224779,0
1101139,0
1192323,0
1103640,0
1103864,0
1225716,0
1173212,0
1225970,0
1231750,0
1190470,0
1150588,0
1131259,0
1101501,0
1182699,0
1205342,0
1141375,0
1196934,0
1207261,0
1230610,0
1198249,0
1151914,0
1170507,0
1190780,0
1225232,0
1197434,0
1180822,0
1134419,0
1121191,0
1121407,0
1093414,0
1151539,0
1233662,0
1162830,0
1167197,0
1109956,0
1190511,0
1229080,0
1131874,0
1145999,0
1194533,0
1214347,0
1103751,0
1234435,0
1156756,0
1198864,0
1214513,0
1097016,0
1138217,0
1145998,0
1152022,0
1152083,0
1151887,0
1170478,0
1203904,0
1134403,0
1110868,0
1219071,0
1179675,0
1188904,0
1182829,0
1174217,0
1131429,0
1167076,0
1182573,0
1130670,0
1218971,0
1158552,0
1171124,0
1145313,0
1157105,0
1101415,0
1101384,0
1204224,0
1182598,0
1196346,0
1101322,0
1214406,0
1147110,0
1196016,0
1163053,0
1179553,0
1188852,0
1131484,0
1218915,0
1117487,0
1101343,0
1175429,0
1167040,0
1140969,0
1131497,0
1146022,0
1121542,0
1093442,0
1226910,0
1131498,0
1210110,0
1146021,0
1100519,0
1190040,0
1207921,0
1191125,0
1167191,0
1110928,0
1151703,0
1195320,0
1132969,0
1162652,0
1175206,0
1110893,0
1175441,0
1162912,0
1101164,0
1115510,0
1175748,0
1234854,0
1197080,0
1115607,0
1097017,0
1140212,0
1214254,0
1209750,0
1190417,0
1228640,0
1208173,0
1134176,0
1137472,0
1208113,0
1146005,0
1234897,0
1196392,0
1107729,0
1225889,0
1115446,0
1096916,0
1130751,0
1115744,0
1214420,0
1117517,0
1140287,0
1096465,0
1151642,0
1101324,0
1127439,0
1093343,0
1194585,0
1158707,0
1137415,0
1101357,0
1104582,0
1110565,0
1169540,0
1219060,0
1101464,0
1094627,0
1178259,0
1115604,0
1182902,0
1234754,0
1182814,0
1198906,0
1182489,0
1214363,0
1175673,0
1169043,0
1228338,0
1197196,0
1222934,0
1182682,0
1224942,0
1182460,0
1208204,0
1162880,0
1233196,0
1143458,0
1221484,0
1210704,0
1121528,0
1121241,0
1121594,0
1145901,0
1153003,0
1230645,0
1158703,0
1196748,0
1121490,0
1210307,0
1167101,0
1170584,0
1115653,0
1198924,0
1205356,0
1190472,0
1196898,0
1115639,0
1190825,0
1208183,0
1121534,0
1228850,0
1218940,0
1151917,0
1208093,0
1094653,0
1225887,0
1225865,0
1175791,0
1228867,0
1210262,0
1198281,0
1141096,0
1170616,0
1182634,0
1222824,0
1208110,0
1225958,0
1223059,0
1224141,0
1094639,0
1182967,0
1197581,0
1133909,0
1115354,0
1096750,0
1137367,0
1155486,0
1115449,0
1096948,0
1117565,0
1228296,0
1175362,0
1096052,0
1096980,0
1209459,0
1207620,0
1187684,0
1162728,0
1166897,0
1101254,0
1225816,0
1218905,0
1189316,0
1103869,0
1157027,0
1197281,0
1137395,0
1214400,0
1224552,0
1210776,0
1196928,0
1203719,0
1134590,0
1204132,0
1107754,0
1107581,0
1151858,0
1205217,0
1214478,0
1205188,0
1175345,0
1115661,0
1227412,0
1230448,0
1101512,0
1225956,0
1189752,0
1226920,0
1115369,0
1234872,0
1190834,0
1190462,0
1093416,0
1121068,0
1182919,0
1190704,0
1190418,0
1146473,0
1205367,0
1156978,0
1222933,0
1223011,0
1152111,0
1181276,0
1230561,0
1174981,0
1152114,0
1233331,0
1131346,0
1174640,0
1175575,0
1157024,0
1136863,0
1218921,0
